1416c2defa82be0f226b518f79e6e623dde418bf	341030447	6	ПЕСНОПЕНИЯ_ИОАННУ_ПРЕДТЕЧЕ
22279ac5f34519859734e3f02d11b19a882e7f39	62693416	7	DAEMON Tools Ultra 6.0.0.1623 (x64) Multilingual
2d7ae01a74d363c0e46c5918d1eebee59f78ab3c	390505658	1	棒子小伙和漂亮大奶女友高级寓所各种姿势草最后口爆被颜射洗脸
2eea33776a4f6f14e39c5e01837aff7f8d11a881	59507969701	12	Arma III
425b7fe49c2e9925d489d6d659055a946c0a7026	40344064	4	Easy.Cut.Studio.5.014
46d70de4916d23b9042926b43080638690c4f0a8	298276301	7	www.Torrenting.com - Stargate.SG-1.S09E05.720p.HEVC.x265-MeGusta
4bcda6b9d74719649173667bcb63869403e8c94f	2706659192	3	The.Adjustment.Bureau.2011.1080p.mHD.DD5.1.x264.HuN-MRKO
4fb3ebed86e7ef4ea71a5ac0bc09c8f63e7add94	2894578676	36	300MAAN-641.HD
56a2b081006aa93088570df176aa33f6a80758d1	13190070	4	Image.Line.ToxicBiohazard.VSTi.AU.v1.1.2.MAC.OSX.UB-ArCADE
5f77738fb14be1f8915fcaaa8a33cc1f72f2c1a4	1817491763	3	1박 2일 시즌4.E68.210321.720p
71c6132fcacf30718deed8fe429fc95790d2f69c	301162862	4	MOBILedit Forensic Express Pro v7.4.0.20393 (x64) + Fix
a6bf88f47ca36d21521c2113663a3f7e51229856	4334648884	2	Jupiler Pro League 2020-21. Matchday 28. Standard Liège — R.S.C. Anderlecht
b23724baa9ba413265bcebeef90d24b1a89396c5	703480435	15	[69av][NGOD-052]皆のねとられ投稿話を再現します元野球部女子マネの嫁がドラフト4位の主将のバットで寝盗られました今宮いずみ--更多视频访问[69av.one]
d74d32befd401a9b354606ad8edf82626d547270	2353947784	3	Private.19.06.14.Amaris.And.Stacy.Bloom.Enjoy.Threesome.By.The.Pool.XXX.1080p.MP4-KTR[XvX]
db28512bb997092a48f278a8ee4a79672364f09a	1117148157	3	KTDS-496
e2faa4354f1b91a5e46e8d64afea5b9925e17cdc	1148152375	4	[DHR-Raws][Joshiraku][Vol.3][BDrip][1080P][AVC_Hi10P_FLAC][MKV]
efd7e1d63d838a9760644ab47ac25bb62509b00d	1130514432	7	Мистицизм Звука
